[
  {
    "id": "cfdc2682-dcb7-4998-a99c-117d89d3acde",
    "data": [
      {
        "text": "Suggest best ",
        "userDefined": false
      },
      {
        "text": "month",
        "meta": "@month",
        "alias": "month",
        "userDefined": true
      },
      {
        "text": " to go there.",
        "userDefined": false
      }
    ],
    "isTemplate": false,
    "count": 0,
    "lang": "en",
    "updated": 0
  },
  {
    "id": "95b0bb5e-1fe1-4fa0-b07d-2fbd5a8f548e",
    "data": [
      {
        "text": "Interested in finding some ",
        "userDefined": false
      },
      {
        "text": "great",
        "meta": "@restaurant",
        "alias": "restaurant",
        "userDefined": true
      },
      {
        "text": " places to eat around here?",
        "userDefined": false
      }
    ],
    "isTemplate": false,
    "count": 0,
    "lang": "en",
    "updated": 0
  },
  {
    "id": "fc9b9de3-1df0-407c-8e8b-e53b100649c6",
    "data": [
      {
        "text": "How would you like to ",
        "userDefined": false
      },
      {
        "text": "reach",
        "meta": "@transportation",
        "alias": "transportation",
        "userDefined": true
      },
      {
        "text": " there?",
        "userDefined": false
      }
    ],
    "isTemplate": false,
    "count": 0,
    "lang": "en",
    "updated": 0
  },
  {
    "id": "fd5e9900-db72-4814-8e22-80d952df39b1",
    "data": [
      {
        "text": "What are the best ",
        "userDefined": false
      },
      {
        "text": "places",
        "meta": "@place",
        "alias": "place",
        "userDefined": true
      },
      {
        "text": " to visit in Goa?",
        "userDefined": false
      }
    ],
    "isTemplate": false,
    "count": 0,
    "lang": "en",
    "updated": 0
  },
  {
    "id": "fda91b23-4e2a-4911-96a4-2e46c36f1c16",
    "data": [
      {
        "text": "Tell me about my ",
        "userDefined": false
      },
      {
        "text": "destination",
        "meta": "@sys.location",
        "alias": "location",
        "userDefined": true
      },
      {
        "text": ".",
        "userDefined": false
      }
    ],
    "isTemplate": false,
    "count": 0,
    "lang": "en",
    "updated": 0
  },
  {
    "id": "4105a4b1-06b6-413f-9962-060c5a968566",
    "data": [
      {
        "text": "Find me information about my ",
        "userDefined": false
      },
      {
        "text": "destination",
        "meta": "@sys.location",
        "alias": "location",
        "userDefined": true
      },
      {
        "text": ".",
        "userDefined": false
      }
    ],
    "isTemplate": false,
    "count": 0,
    "lang": "en",
    "updated": 0
  }
]